预测日期,训练末日,最早误差日,最晚误差日,情景数,超参数选取截止日
2025-02-01,2025-01-31,2025-01-08,2025-01-31,24,2025-01-31
2025-02-02,2025-02-01,2025-01-08,2025-02-01,25,2025-01-31
2025-02-03,2025-02-02,2025-01-08,2025-02-02,26,2025-01-31
2025-02-04,2025-02-03,2025-01-08,2025-02-03,27,2025-01-31
2025-02-05,2025-02-04,2025-01-08,2025-02-04,28,2025-01-31
2025-02-06,2025-02-05,2025-01-08,2025-02-05,29,2025-01-31
2025-02-07,2025-02-06,2025-01-08,2025-02-06,30,2025-01-31
2025-02-08,2025-02-07,2025-01-09,2025-02-07,30,2025-01-31
2025-02-09,2025-02-08,2025-01-10,2025-02-08,30,2025-01-31
2025-02-10,2025-02-09,2025-01-11,2025-02-09,30,2025-01-31
2025-02-11,2025-02-10,2025-01-12,2025-02-10,30,2025-01-31
2025-02-12,2025-02-11,2025-01-13,2025-02-11,30,2025-01-31
2025-02-13,2025-02-12,2025-01-14,2025-02-12,30,2025-01-31
2025-02-14,2025-02-13,2025-01-15,2025-02-13,30,2025-01-31
2025-02-15,2025-02-14,2025-01-16,2025-02-14,30,2025-01-31
2025-02-16,2025-02-15,2025-01-17,2025-02-15,30,2025-01-31
2025-02-17,2025-02-16,2025-01-18,2025-02-16,30,2025-01-31
2025-02-18,2025-02-17,2025-01-19,2025-02-17,30,2025-01-31
2025-02-19,2025-02-18,2025-01-20,2025-02-18,30,2025-01-31
2025-02-20,2025-02-19,2025-01-21,2025-02-19,30,2025-01-31
2025-02-21,2025-02-20,2025-01-22,2025-02-20,30,2025-01-31
2025-02-22,2025-02-21,2025-01-23,2025-02-21,30,2025-01-31
2025-02-23,2025-02-22,2025-01-24,2025-02-22,30,2025-01-31
2025-02-24,2025-02-23,2025-01-25,2025-02-23,30,2025-01-31
2025-02-25,2025-02-24,2025-01-26,2025-02-24,30,2025-01-31
2025-02-26,2025-02-25,2025-01-27,2025-02-25,30,2025-01-31
2025-02-27,2025-02-26,2025-01-28,2025-02-26,30,2025-01-31
2025-02-28,2025-02-27,2025-01-29,2025-02-27,30,2025-01-31
2025-03-01,2025-02-28,2025-01-30,2025-02-28,30,2025-01-31
2025-03-02,2025-03-01,2025-01-31,2025-03-01,30,2025-01-31
2025-03-03,2025-03-02,2025-02-01,2025-03-02,30,2025-01-31
2025-03-04,2025-03-03,2025-02-02,2025-03-03,30,2025-01-31
2025-03-05,2025-03-04,2025-02-03,2025-03-04,30,2025-01-31
2025-03-06,2025-03-05,2025-02-04,2025-03-05,30,2025-01-31
2025-03-07,2025-03-06,2025-02-05,2025-03-06,30,2025-01-31
2025-03-08,2025-03-07,2025-02-06,2025-03-07,30,2025-01-31
2025-03-09,2025-03-08,2025-02-07,2025-03-08,30,2025-01-31
2025-03-10,2025-03-09,2025-02-08,2025-03-09,30,2025-01-31
2025-03-11,2025-03-10,2025-02-09,2025-03-10,30,2025-01-31
2025-03-12,2025-03-11,2025-02-10,2025-03-11,30,2025-01-31
2025-03-13,2025-03-12,2025-02-11,2025-03-12,30,2025-01-31
2025-03-14,2025-03-13,2025-02-12,2025-03-13,30,2025-01-31
2025-03-15,2025-03-14,2025-02-13,2025-03-14,30,2025-01-31
2025-03-16,2025-03-15,2025-02-14,2025-03-15,30,2025-01-31
2025-03-17,2025-03-16,2025-02-15,2025-03-16,30,2025-01-31
2025-03-18,2025-03-17,2025-02-16,2025-03-17,30,2025-01-31
2025-03-19,2025-03-18,2025-02-17,2025-03-18,30,2025-01-31
2025-03-20,2025-03-19,2025-02-18,2025-03-19,30,2025-01-31
2025-03-21,2025-03-20,2025-02-19,2025-03-20,30,2025-01-31
2025-03-22,2025-03-21,2025-02-20,2025-03-21,30,2025-01-31
2025-03-23,2025-03-22,2025-02-21,2025-03-22,30,2025-01-31
2025-03-24,2025-03-23,2025-02-22,2025-03-23,30,2025-01-31
2025-03-25,2025-03-24,2025-02-23,2025-03-24,30,2025-01-31
2025-03-26,2025-03-25,2025-02-24,2025-03-25,30,2025-01-31
2025-03-27,2025-03-26,2025-02-25,2025-03-26,30,2025-01-31
2025-03-28,2025-03-27,2025-02-26,2025-03-27,30,2025-01-31
2025-03-29,2025-03-28,2025-02-27,2025-03-28,30,2025-01-31
2025-03-30,2025-03-29,2025-02-28,2025-03-29,30,2025-01-31
2025-03-31,2025-03-30,2025-03-01,2025-03-30,30,2025-01-31
2025-04-01,2025-03-31,2025-03-02,2025-03-31,30,2025-01-31
2025-04-02,2025-04-01,2025-03-03,2025-04-01,30,2025-01-31
2025-04-03,2025-04-02,2025-03-04,2025-04-02,30,2025-01-31
2025-04-04,2025-04-03,2025-03-05,2025-04-03,30,2025-01-31
2025-04-05,2025-04-04,2025-03-06,2025-04-04,30,2025-01-31
2025-04-06,2025-04-05,2025-03-07,2025-04-05,30,2025-01-31
2025-04-07,2025-04-06,2025-03-08,2025-04-06,30,2025-01-31
2025-04-08,2025-04-07,2025-03-09,2025-04-07,30,2025-01-31
2025-04-09,2025-04-08,2025-03-10,2025-04-08,30,2025-01-31
2025-04-10,2025-04-09,2025-03-11,2025-04-09,30,2025-01-31
2025-04-11,2025-04-10,2025-03-12,2025-04-10,30,2025-01-31
2025-04-12,2025-04-11,2025-03-13,2025-04-11,30,2025-01-31
2025-04-13,2025-04-12,2025-03-14,2025-04-12,30,2025-01-31
2025-04-14,2025-04-13,2025-03-15,2025-04-13,30,2025-01-31
2025-04-15,2025-04-14,2025-03-16,2025-04-14,30,2025-01-31
2025-04-16,2025-04-15,2025-03-17,2025-04-15,30,2025-01-31
2025-04-17,2025-04-16,2025-03-18,2025-04-16,30,2025-01-31
2025-04-18,2025-04-17,2025-03-19,2025-04-17,30,2025-01-31
2025-04-19,2025-04-18,2025-03-20,2025-04-18,30,2025-01-31
2025-04-20,2025-04-19,2025-03-21,2025-04-19,30,2025-01-31
2025-04-21,2025-04-20,2025-03-22,2025-04-20,30,2025-01-31
2025-04-22,2025-04-21,2025-03-23,2025-04-21,30,2025-01-31
2025-04-23,2025-04-22,2025-03-24,2025-04-22,30,2025-01-31
2025-04-24,2025-04-23,2025-03-25,2025-04-23,30,2025-01-31
2025-04-25,2025-04-24,2025-03-26,2025-04-24,30,2025-01-31
2025-04-26,2025-04-25,2025-03-27,2025-04-25,30,2025-01-31
2025-04-27,2025-04-26,2025-03-28,2025-04-26,30,2025-01-31
2025-04-28,2025-04-27,2025-03-29,2025-04-27,30,2025-01-31
2025-04-29,2025-04-28,2025-03-30,2025-04-28,30,2025-01-31
2025-04-30,2025-04-29,2025-03-31,2025-04-29,30,2025-01-31
2025-05-01,2025-04-30,2025-04-01,2025-04-30,30,2025-01-31
2025-05-02,2025-05-01,2025-04-02,2025-05-01,30,2025-01-31
2025-05-03,2025-05-02,2025-04-03,2025-05-02,30,2025-01-31
2025-05-04,2025-05-03,2025-04-04,2025-05-03,30,2025-01-31
2025-05-05,2025-05-04,2025-04-05,2025-05-04,30,2025-01-31
2025-05-06,2025-05-05,2025-04-06,2025-05-05,30,2025-01-31
2025-05-07,2025-05-06,2025-04-07,2025-05-06,30,2025-01-31
2025-05-08,2025-05-07,2025-04-08,2025-05-07,30,2025-01-31
2025-05-09,2025-05-08,2025-04-09,2025-05-08,30,2025-01-31
2025-05-10,2025-05-09,2025-04-10,2025-05-09,30,2025-01-31
2025-05-11,2025-05-10,2025-04-11,2025-05-10,30,2025-01-31
2025-05-12,2025-05-11,2025-04-12,2025-05-11,30,2025-01-31
2025-05-13,2025-05-12,2025-04-13,2025-05-12,30,2025-01-31
2025-05-14,2025-05-13,2025-04-14,2025-05-13,30,2025-01-31
2025-05-15,2025-05-14,2025-04-15,2025-05-14,30,2025-01-31
2025-05-16,2025-05-15,2025-04-16,2025-05-15,30,2025-01-31
2025-05-17,2025-05-16,2025-04-17,2025-05-16,30,2025-01-31
2025-05-18,2025-05-17,2025-04-18,2025-05-17,30,2025-01-31
2025-05-19,2025-05-18,2025-04-19,2025-05-18,30,2025-01-31
2025-05-20,2025-05-19,2025-04-20,2025-05-19,30,2025-01-31
2025-05-21,2025-05-20,2025-04-21,2025-05-20,30,2025-01-31
2025-05-22,2025-05-21,2025-04-22,2025-05-21,30,2025-01-31
2025-05-23,2025-05-22,2025-04-23,2025-05-22,30,2025-01-31
2025-05-24,2025-05-23,2025-04-24,2025-05-23,30,2025-01-31
2025-05-25,2025-05-24,2025-04-25,2025-05-24,30,2025-01-31
2025-05-26,2025-05-25,2025-04-26,2025-05-25,30,2025-01-31
2025-05-27,2025-05-26,2025-04-27,2025-05-26,30,2025-01-31
2025-05-28,2025-05-27,2025-04-28,2025-05-27,30,2025-01-31
2025-05-29,2025-05-28,2025-04-29,2025-05-28,30,2025-01-31
2025-05-30,2025-05-29,2025-04-30,2025-05-29,30,2025-01-31
2025-05-31,2025-05-30,2025-05-01,2025-05-30,30,2025-01-31
2025-06-01,2025-05-31,2025-05-02,2025-05-31,30,2025-01-31
2025-06-02,2025-06-01,2025-05-03,2025-06-01,30,2025-01-31
2025-06-03,2025-06-02,2025-05-04,2025-06-02,30,2025-01-31
2025-06-04,2025-06-03,2025-05-05,2025-06-03,30,2025-01-31
2025-06-05,2025-06-04,2025-05-06,2025-06-04,30,2025-01-31
2025-06-06,2025-06-05,2025-05-07,2025-06-05,30,2025-01-31
2025-06-07,2025-06-06,2025-05-08,2025-06-06,30,2025-01-31
2025-06-08,2025-06-07,2025-05-09,2025-06-07,30,2025-01-31
2025-06-09,2025-06-08,2025-05-10,2025-06-08,30,2025-01-31
2025-06-10,2025-06-09,2025-05-11,2025-06-09,30,2025-01-31
2025-06-11,2025-06-10,2025-05-12,2025-06-10,30,2025-01-31
2025-06-12,2025-06-11,2025-05-13,2025-06-11,30,2025-01-31
2025-06-13,2025-06-12,2025-05-14,2025-06-12,30,2025-01-31
2025-06-14,2025-06-13,2025-05-15,2025-06-13,30,2025-01-31
2025-06-15,2025-06-14,2025-05-16,2025-06-14,30,2025-01-31
2025-06-16,2025-06-15,2025-05-17,2025-06-15,30,2025-01-31
2025-06-17,2025-06-16,2025-05-18,2025-06-16,30,2025-01-31
2025-06-18,2025-06-17,2025-05-19,2025-06-17,30,2025-01-31
2025-06-19,2025-06-18,2025-05-20,2025-06-18,30,2025-01-31
2025-06-20,2025-06-19,2025-05-21,2025-06-19,30,2025-01-31
2025-06-21,2025-06-20,2025-05-22,2025-06-20,30,2025-01-31
2025-06-22,2025-06-21,2025-05-23,2025-06-21,30,2025-01-31
2025-06-23,2025-06-22,2025-05-24,2025-06-22,30,2025-01-31
2025-06-24,2025-06-23,2025-05-25,2025-06-23,30,2025-01-31
2025-06-25,2025-06-24,2025-05-26,2025-06-24,30,2025-01-31
2025-06-26,2025-06-25,2025-05-27,2025-06-25,30,2025-01-31
2025-06-27,2025-06-26,2025-05-28,2025-06-26,30,2025-01-31
2025-06-28,2025-06-27,2025-05-29,2025-06-27,30,2025-01-31
2025-06-29,2025-06-28,2025-05-30,2025-06-28,30,2025-01-31
2025-06-30,2025-06-29,2025-05-31,2025-06-29,30,2025-01-31
2025-07-01,2025-06-30,2025-06-01,2025-06-30,30,2025-01-31
2025-07-02,2025-07-01,2025-06-02,2025-07-01,30,2025-01-31
2025-07-03,2025-07-02,2025-06-03,2025-07-02,30,2025-01-31
2025-07-04,2025-07-03,2025-06-04,2025-07-03,30,2025-01-31
2025-07-05,2025-07-04,2025-06-05,2025-07-04,30,2025-01-31
2025-07-06,2025-07-05,2025-06-06,2025-07-05,30,2025-01-31
2025-07-07,2025-07-06,2025-06-07,2025-07-06,30,2025-01-31
2025-07-08,2025-07-07,2025-06-08,2025-07-07,30,2025-01-31
2025-07-09,2025-07-08,2025-06-09,2025-07-08,30,2025-01-31
2025-07-10,2025-07-09,2025-06-10,2025-07-09,30,2025-01-31
2025-07-11,2025-07-10,2025-06-11,2025-07-10,30,2025-01-31
2025-07-12,2025-07-11,2025-06-12,2025-07-11,30,2025-01-31
2025-07-13,2025-07-12,2025-06-13,2025-07-12,30,2025-01-31
2025-07-14,2025-07-13,2025-06-14,2025-07-13,30,2025-01-31
2025-07-15,2025-07-14,2025-06-15,2025-07-14,30,2025-01-31
2025-07-16,2025-07-15,2025-06-16,2025-07-15,30,2025-01-31
2025-07-17,2025-07-16,2025-06-17,2025-07-16,30,2025-01-31
2025-07-18,2025-07-17,2025-06-18,2025-07-17,30,2025-01-31
2025-07-19,2025-07-18,2025-06-19,2025-07-18,30,2025-01-31
2025-07-20,2025-07-19,2025-06-20,2025-07-19,30,2025-01-31
2025-07-21,2025-07-20,2025-06-21,2025-07-20,30,2025-01-31
2025-07-22,2025-07-21,2025-06-22,2025-07-21,30,2025-01-31
2025-07-23,2025-07-22,2025-06-23,2025-07-22,30,2025-01-31
2025-07-24,2025-07-23,2025-06-24,2025-07-23,30,2025-01-31
2025-07-25,2025-07-24,2025-06-25,2025-07-24,30,2025-01-31
2025-07-26,2025-07-25,2025-06-26,2025-07-25,30,2025-01-31
2025-07-27,2025-07-26,2025-06-27,2025-07-26,30,2025-01-31
2025-07-28,2025-07-27,2025-06-28,2025-07-27,30,2025-01-31
2025-07-29,2025-07-28,2025-06-29,2025-07-28,30,2025-01-31
2025-07-30,2025-07-29,2025-06-30,2025-07-29,30,2025-01-31
2025-07-31,2025-07-30,2025-07-01,2025-07-30,30,2025-01-31
2025-08-01,2025-07-31,2025-07-02,2025-07-31,30,2025-01-31
2025-08-02,2025-08-01,2025-07-03,2025-08-01,30,2025-01-31
2025-08-03,2025-08-02,2025-07-04,2025-08-02,30,2025-01-31
2025-08-04,2025-08-03,2025-07-05,2025-08-03,30,2025-01-31
2025-08-05,2025-08-04,2025-07-06,2025-08-04,30,2025-01-31
2025-08-06,2025-08-05,2025-07-07,2025-08-05,30,2025-01-31
2025-08-07,2025-08-06,2025-07-08,2025-08-06,30,2025-01-31
2025-08-08,2025-08-07,2025-07-09,2025-08-07,30,2025-01-31
2025-08-09,2025-08-08,2025-07-10,2025-08-08,30,2025-01-31
2025-08-10,2025-08-09,2025-07-11,2025-08-09,30,2025-01-31
2025-08-11,2025-08-10,2025-07-12,2025-08-10,30,2025-01-31
2025-08-12,2025-08-11,2025-07-13,2025-08-11,30,2025-01-31
2025-08-13,2025-08-12,2025-07-14,2025-08-12,30,2025-01-31
2025-08-14,2025-08-13,2025-07-15,2025-08-13,30,2025-01-31
2025-08-15,2025-08-14,2025-07-16,2025-08-14,30,2025-01-31
2025-08-16,2025-08-15,2025-07-17,2025-08-15,30,2025-01-31
2025-08-17,2025-08-16,2025-07-18,2025-08-16,30,2025-01-31
2025-08-18,2025-08-17,2025-07-19,2025-08-17,30,2025-01-31
2025-08-19,2025-08-18,2025-07-20,2025-08-18,30,2025-01-31
2025-08-20,2025-08-19,2025-07-21,2025-08-19,30,2025-01-31
2025-08-21,2025-08-20,2025-07-22,2025-08-20,30,2025-01-31
2025-08-22,2025-08-21,2025-07-23,2025-08-21,30,2025-01-31
2025-08-23,2025-08-22,2025-07-24,2025-08-22,30,2025-01-31
2025-08-24,2025-08-23,2025-07-25,2025-08-23,30,2025-01-31
2025-08-25,2025-08-24,2025-07-26,2025-08-24,30,2025-01-31
2025-08-26,2025-08-25,2025-07-27,2025-08-25,30,2025-01-31
2025-08-27,2025-08-26,2025-07-28,2025-08-26,30,2025-01-31
2025-08-28,2025-08-27,2025-07-29,2025-08-27,30,2025-01-31
2025-08-29,2025-08-28,2025-07-30,2025-08-28,30,2025-01-31
2025-08-30,2025-08-29,2025-07-31,2025-08-29,30,2025-01-31
2025-08-31,2025-08-30,2025-08-01,2025-08-30,30,2025-01-31
2025-09-01,2025-08-31,2025-08-02,2025-08-31,30,2025-01-31
2025-09-02,2025-09-01,2025-08-03,2025-09-01,30,2025-01-31
2025-09-03,2025-09-02,2025-08-04,2025-09-02,30,2025-01-31
2025-09-04,2025-09-03,2025-08-05,2025-09-03,30,2025-01-31
2025-09-05,2025-09-04,2025-08-06,2025-09-04,30,2025-01-31
2025-09-06,2025-09-05,2025-08-07,2025-09-05,30,2025-01-31
2025-09-07,2025-09-06,2025-08-08,2025-09-06,30,2025-01-31
2025-09-08,2025-09-07,2025-08-09,2025-09-07,30,2025-01-31
2025-09-09,2025-09-08,2025-08-10,2025-09-08,30,2025-01-31
2025-09-10,2025-09-09,2025-08-11,2025-09-09,30,2025-01-31
2025-09-11,2025-09-10,2025-08-12,2025-09-10,30,2025-01-31
2025-09-12,2025-09-11,2025-08-13,2025-09-11,30,2025-01-31
2025-09-13,2025-09-12,2025-08-14,2025-09-12,30,2025-01-31
2025-09-14,2025-09-13,2025-08-15,2025-09-13,30,2025-01-31
2025-09-15,2025-09-14,2025-08-16,2025-09-14,30,2025-01-31
2025-09-16,2025-09-15,2025-08-17,2025-09-15,30,2025-01-31
2025-09-17,2025-09-16,2025-08-18,2025-09-16,30,2025-01-31
2025-09-18,2025-09-17,2025-08-19,2025-09-17,30,2025-01-31
2025-09-19,2025-09-18,2025-08-20,2025-09-18,30,2025-01-31
2025-09-20,2025-09-19,2025-08-21,2025-09-19,30,2025-01-31
2025-09-21,2025-09-20,2025-08-22,2025-09-20,30,2025-01-31
2025-09-22,2025-09-21,2025-08-23,2025-09-21,30,2025-01-31
2025-09-23,2025-09-22,2025-08-24,2025-09-22,30,2025-01-31
2025-09-24,2025-09-23,2025-08-25,2025-09-23,30,2025-01-31
2025-09-25,2025-09-24,2025-08-26,2025-09-24,30,2025-01-31
2025-09-26,2025-09-25,2025-08-27,2025-09-25,30,2025-01-31
2025-09-27,2025-09-26,2025-08-28,2025-09-26,30,2025-01-31
2025-09-28,2025-09-27,2025-08-29,2025-09-27,30,2025-01-31
2025-09-29,2025-09-28,2025-08-30,2025-09-28,30,2025-01-31
2025-09-30,2025-09-29,2025-08-31,2025-09-29,30,2025-01-31
2025-10-01,2025-09-30,2025-09-01,2025-09-30,30,2025-01-31
2025-10-02,2025-10-01,2025-09-02,2025-10-01,30,2025-01-31
2025-10-03,2025-10-02,2025-09-03,2025-10-02,30,2025-01-31
2025-10-04,2025-10-03,2025-09-04,2025-10-03,30,2025-01-31
2025-10-05,2025-10-04,2025-09-05,2025-10-04,30,2025-01-31
2025-10-06,2025-10-05,2025-09-06,2025-10-05,30,2025-01-31
2025-10-07,2025-10-06,2025-09-07,2025-10-06,30,2025-01-31
2025-10-08,2025-10-07,2025-09-08,2025-10-07,30,2025-01-31
2025-10-09,2025-10-08,2025-09-09,2025-10-08,30,2025-01-31
2025-10-10,2025-10-09,2025-09-10,2025-10-09,30,2025-01-31
2025-10-11,2025-10-10,2025-09-11,2025-10-10,30,2025-01-31
2025-10-12,2025-10-11,2025-09-12,2025-10-11,30,2025-01-31
2025-10-13,2025-10-12,2025-09-13,2025-10-12,30,2025-01-31
2025-10-14,2025-10-13,2025-09-14,2025-10-13,30,2025-01-31
2025-10-15,2025-10-14,2025-09-15,2025-10-14,30,2025-01-31
2025-10-16,2025-10-15,2025-09-16,2025-10-15,30,2025-01-31
2025-10-17,2025-10-16,2025-09-17,2025-10-16,30,2025-01-31
2025-10-18,2025-10-17,2025-09-18,2025-10-17,30,2025-01-31
2025-10-19,2025-10-18,2025-09-19,2025-10-18,30,2025-01-31
2025-10-20,2025-10-19,2025-09-20,2025-10-19,30,2025-01-31
2025-10-21,2025-10-20,2025-09-21,2025-10-20,30,2025-01-31
2025-10-22,2025-10-21,2025-09-22,2025-10-21,30,2025-01-31
2025-10-23,2025-10-22,2025-09-23,2025-10-22,30,2025-01-31
2025-10-24,2025-10-23,2025-09-24,2025-10-23,30,2025-01-31
2025-10-25,2025-10-24,2025-09-25,2025-10-24,30,2025-01-31
2025-10-26,2025-10-25,2025-09-26,2025-10-25,30,2025-01-31
2025-10-27,2025-10-26,2025-09-27,2025-10-26,30,2025-01-31
2025-10-28,2025-10-27,2025-09-28,2025-10-27,30,2025-01-31
2025-10-29,2025-10-28,2025-09-29,2025-10-28,30,2025-01-31
2025-10-30,2025-10-29,2025-09-30,2025-10-29,30,2025-01-31
2025-10-31,2025-10-30,2025-10-01,2025-10-30,30,2025-01-31
2025-11-01,2025-10-31,2025-10-02,2025-10-31,30,2025-01-31
2025-11-02,2025-11-01,2025-10-03,2025-11-01,30,2025-01-31
2025-11-03,2025-11-02,2025-10-04,2025-11-02,30,2025-01-31
2025-11-04,2025-11-03,2025-10-05,2025-11-03,30,2025-01-31
2025-11-05,2025-11-04,2025-10-06,2025-11-04,30,2025-01-31
2025-11-06,2025-11-05,2025-10-07,2025-11-05,30,2025-01-31
2025-11-07,2025-11-06,2025-10-08,2025-11-06,30,2025-01-31
2025-11-08,2025-11-07,2025-10-09,2025-11-07,30,2025-01-31
2025-11-09,2025-11-08,2025-10-10,2025-11-08,30,2025-01-31
2025-11-10,2025-11-09,2025-10-11,2025-11-09,30,2025-01-31
2025-11-11,2025-11-10,2025-10-12,2025-11-10,30,2025-01-31
2025-11-12,2025-11-11,2025-10-13,2025-11-11,30,2025-01-31
2025-11-13,2025-11-12,2025-10-14,2025-11-12,30,2025-01-31
2025-11-14,2025-11-13,2025-10-15,2025-11-13,30,2025-01-31
2025-11-15,2025-11-14,2025-10-16,2025-11-14,30,2025-01-31
2025-11-16,2025-11-15,2025-10-17,2025-11-15,30,2025-01-31
2025-11-17,2025-11-16,2025-10-18,2025-11-16,30,2025-01-31
2025-11-18,2025-11-17,2025-10-19,2025-11-17,30,2025-01-31
2025-11-19,2025-11-18,2025-10-20,2025-11-18,30,2025-01-31
2025-11-20,2025-11-19,2025-10-21,2025-11-19,30,2025-01-31
2025-11-21,2025-11-20,2025-10-22,2025-11-20,30,2025-01-31
2025-11-22,2025-11-21,2025-10-23,2025-11-21,30,2025-01-31
2025-11-23,2025-11-22,2025-10-24,2025-11-22,30,2025-01-31
2025-11-24,2025-11-23,2025-10-25,2025-11-23,30,2025-01-31
2025-11-25,2025-11-24,2025-10-26,2025-11-24,30,2025-01-31
2025-11-26,2025-11-25,2025-10-27,2025-11-25,30,2025-01-31
2025-11-27,2025-11-26,2025-10-28,2025-11-26,30,2025-01-31
2025-11-28,2025-11-27,2025-10-29,2025-11-27,30,2025-01-31
2025-11-29,2025-11-28,2025-10-30,2025-11-28,30,2025-01-31
2025-11-30,2025-11-29,2025-10-31,2025-11-29,30,2025-01-31
2025-12-01,2025-11-30,2025-11-01,2025-11-30,30,2025-01-31
2025-12-02,2025-12-01,2025-11-02,2025-12-01,30,2025-01-31
2025-12-03,2025-12-02,2025-11-03,2025-12-02,30,2025-01-31
2025-12-04,2025-12-03,2025-11-04,2025-12-03,30,2025-01-31
2025-12-05,2025-12-04,2025-11-05,2025-12-04,30,2025-01-31
2025-12-06,2025-12-05,2025-11-06,2025-12-05,30,2025-01-31
2025-12-07,2025-12-06,2025-11-07,2025-12-06,30,2025-01-31
2025-12-08,2025-12-07,2025-11-08,2025-12-07,30,2025-01-31
2025-12-09,2025-12-08,2025-11-09,2025-12-08,30,2025-01-31
2025-12-10,2025-12-09,2025-11-10,2025-12-09,30,2025-01-31
2025-12-11,2025-12-10,2025-11-11,2025-12-10,30,2025-01-31
2025-12-12,2025-12-11,2025-11-12,2025-12-11,30,2025-01-31
2025-12-13,2025-12-12,2025-11-13,2025-12-12,30,2025-01-31
2025-12-14,2025-12-13,2025-11-14,2025-12-13,30,2025-01-31
2025-12-15,2025-12-14,2025-11-15,2025-12-14,30,2025-01-31
2025-12-16,2025-12-15,2025-11-16,2025-12-15,30,2025-01-31
2025-12-17,2025-12-16,2025-11-17,2025-12-16,30,2025-01-31
2025-12-18,2025-12-17,2025-11-18,2025-12-17,30,2025-01-31
2025-12-19,2025-12-18,2025-11-19,2025-12-18,30,2025-01-31
2025-12-20,2025-12-19,2025-11-20,2025-12-19,30,2025-01-31
2025-12-21,2025-12-20,2025-11-21,2025-12-20,30,2025-01-31
2025-12-22,2025-12-21,2025-11-22,2025-12-21,30,2025-01-31
2025-12-23,2025-12-22,2025-11-23,2025-12-22,30,2025-01-31
2025-12-24,2025-12-23,2025-11-24,2025-12-23,30,2025-01-31
2025-12-25,2025-12-24,2025-11-25,2025-12-24,30,2025-01-31
2025-12-26,2025-12-25,2025-11-26,2025-12-25,30,2025-01-31
2025-12-27,2025-12-26,2025-11-27,2025-12-26,30,2025-01-31
2025-12-28,2025-12-27,2025-11-28,2025-12-27,30,2025-01-31
2025-12-29,2025-12-28,2025-11-29,2025-12-28,30,2025-01-31
2025-12-30,2025-12-29,2025-11-30,2025-12-29,30,2025-01-31
2025-12-31,2025-12-30,2025-12-01,2025-12-30,30,2025-01-31
