interval_start,interval_end,plot_hour_midpoint,actual_netload_kw,forecast_00_kw,forecast_06_kw,forecast_12_kw,forecast_18_kw
0.0,0.16666666666666666,0.08333333333333333,3299.0689,3434.2978030335426,,,
0.16666666666666666,0.3333333333333333,0.25,3421.881,3434.2978030335426,,,
0.3333333333333333,0.5,0.4166666666666667,3683.11,3405.1149560751846,,,
0.5,0.6666666666666666,0.5833333333333334,3476.737,3438.0399501996812,,,
0.6666666666666666,0.8333333333333334,0.75,3302.6695,3495.1753150970876,,,
0.8333333333333334,1.0,0.9166666666666666,3426.9399999999996,3440.9899773110483,,,
1.0,1.1666666666666667,1.0833333333333333,3609.5342999999993,3495.1753150970876,,,
1.1666666666666667,1.3333333333333333,1.25,3668.9025,3442.7965356416958,,,
1.3333333333333333,1.5,1.4166666666666667,3589.3,3318.1142378747268,,,
1.5,1.6666666666666667,1.5833333333333333,3503.6156999999994,3446.467651476508,,,
1.6666666666666667,1.8333333333333333,1.75,3545.9703,3504.0289996432143,,,
1.8333333333333333,2.0,1.9166666666666667,3590.66,3448.4143155078154,,,
2.0,2.1666666666666665,2.0833333333333335,3395.9017,3448.4143155078154,,,
2.1666666666666665,2.3333333333333335,2.25,3276.7246,3449.843661857175,,,
2.3333333333333335,2.5,2.4166666666666665,3394.28,3504.0289996432143,,,
2.5,2.6666666666666665,2.5833333333333335,3587.5594,3504.0289996432143,,,
2.6666666666666665,2.8333333333333335,2.75,3605.7268000000004,3502.599653293855,,,
2.8333333333333335,3.0,2.9166666666666665,3522.79,3549.2839888037333,,,
3.0,3.1666666666666665,3.0833333333333335,3631.2618,3502.599653293855,,,
3.1666666666666665,3.3333333333333335,3.25,3731.3543,3468.051643787049,,,
3.3333333333333335,3.5,3.4166666666666665,3721.01,3513.576943226916,,,
3.5,3.6666666666666665,3.5833333333333335,3699.7384999999995,3641.7668193431696,,,
3.6666666666666665,3.8333333333333335,3.75,3674.7825000000003,3629.8517872409843,,,
3.8333333333333335,4.0,3.9166666666666665,3623.58,3590.9106371696175,,,
4.0,4.166666666666667,4.083333333333333,3538.7677999999996,3628.8647983228475,,,
4.166666666666667,4.333333333333333,4.25,3488.7842999999993,3628.8647983228475,,,
4.333333333333333,4.5,4.416666666666667,3513.51,3570.5573492926355,,,
4.5,4.666666666666667,4.583333333333333,3598.3508,3596.352978937195,,,
4.666666666666667,4.833333333333333,4.75,3700.4359000000004,3632.356985387108,,,
4.833333333333333,5.0,4.916666666666667,3753.57,3630.9202731959363,,,
5.0,5.166666666666667,5.083333333333333,3716.6035,3612.429017295775,,,
5.166666666666667,5.333333333333333,5.25,3707.0664000000006,3613.4160062139117,,,
5.333333333333333,5.5,5.416666666666667,3642.69,3629.291294379868,,,
5.5,5.666666666666667,5.583333333333333,3452.5804,3611.548370635028,,,
5.666666666666667,5.833333333333333,5.75,4028.7787,4093.7398712068402,,,
5.833333333333333,6.0,5.916666666666667,4962.09,4760.484327690007,,,
6.0,6.166666666666667,6.083333333333333,4751.699600000001,4501.0758522198485,4503.904385553183,,
6.166666666666667,6.333333333333333,6.25,4259.7799,4178.997894356675,4184.654961023341,,
6.333333333333333,6.5,6.416666666666667,4028.2249999999995,3900.5980480403805,3909.0836480403805,,
6.5,6.666666666666667,6.583333333333333,3774.2692000000006,3608.205744913923,3619.5198782472567,,
6.666666666666667,6.833333333333333,6.75,3516.9354999999996,3317.462528247257,3331.605194913923,,
6.833333333333333,7.0,6.916666666666667,3187.0924999999997,3029.670866463843,3046.642066463843,,
7.0,7.166666666666667,7.083333333333333,2679.4530000000004,2726.2789552294653,2779.6261552294654,,
7.166666666666667,7.333333333333333,7.25,2407.449699999999,2379.1097445946443,2468.832944594644,,
7.333333333333333,7.5,7.416666666666667,2217.4624999999996,1934.6426927955163,2060.741892795517,,
7.5,7.666666666666667,7.583333333333333,1684.1412,1576.0124838452161,1738.4876838452165,,
7.666666666666667,7.833333333333333,7.75,2007.4683999999997,1858.959463426102,2057.8106634261017,,
7.833333333333333,8.0,7.916666666666667,2929.0775000000003,2732.1359160579977,2967.363116057998,,
8.0,8.166666666666666,8.083333333333334,2896.8231,2466.890156031216,2676.0561060312157,,
8.166666666666666,8.333333333333334,8.25,2630.2284,2098.9379623537243,2282.042662353726,,
8.333333333333334,8.5,8.416666666666666,2466.9450000000006,1872.9642199150549,2030.007669915054,,
8.5,8.666666666666666,8.583333333333334,1996.0330999999996,1576.7628554676494,1707.7450554676489,,
8.666666666666666,8.833333333333334,8.75,1668.0307999999995,1263.205998212551,1368.1269482125517,,
8.833333333333334,9.0,8.916666666666666,1576.9225000000006,963.3771175296615,1042.2368175296615,,
9.0,9.166666666666666,9.083333333333334,1327.7025999999996,658.3878121743746,817.1142955077075,,
9.166666666666666,9.333333333333334,9.25,903.1102000000001,338.76274621727316,577.3560128839408,,
9.333333333333334,9.5,9.416666666666666,463.1125000000002,36.29617765810235,354.75622765810294,,
9.5,9.666666666666666,9.583333333333334,216.5685000000003,-249.01541499138784,149.31141834194477,,
9.666666666666666,9.833333333333334,9.75,247.54409999999916,-551.8036527834556,-73.61003611678825,,
9.833333333333334,10.0,9.916666666666666,271.2425000000003,-857.3249051437078,-299.26450514370754,,
10.0,10.166666666666666,10.083333333333334,-97.2524999999996,-1007.2532512183889,-465.0404678850564,,
10.166666666666666,10.333333333333334,10.25,-328.72679999999946,-1150.929987156197,-624.5648204895288,,
10.333333333333334,10.5,10.416666666666666,-405.46500000000015,-1308.1462145003816,-797.6286645003811,,
10.5,10.666666666666666,10.583333333333334,-814.2784000000001,-1599.1208314731193,-1104.4508981397867,,
10.666666666666666,10.833333333333334,10.75,-1103.0194000000001,-1766.7922269225583,-1287.9699102558898,,
10.833333333333334,11.0,10.916666666666666,-983.1000000000004,-1828.3123904636495,-1365.3376904636489,,
11.0,11.166666666666666,11.083333333333334,-659.6243000000004,-1744.659722427662,-1455.8830057609948,,
11.166666666666666,11.333333333333334,11.25,-659.0469000000003,-1700.8665656182147,-1586.287832284881,,
11.333333333333334,11.5,11.416666666666666,-957.4624999999996,-1703.97660450305,-1763.5958545030498,,
11.5,11.666666666666666,11.583333333333334,-1081.6057,-1618.0259008093108,-1851.843134142644,,
11.666666666666666,11.833333333333334,11.75,-1255.4106999999995,-1595.7084853546949,-2003.7237020213624,,
11.833333333333334,12.0,11.916666666666666,-1650.13,-1827.77516353002,-2409.9883635300203,,
12.0,12.166666666666666,12.083333333333334,-2124.1279000000004,-1605.613975238536,-2475.507625238535,-1795.0673752385355,
12.166666666666666,12.333333333333334,12.25,-2235.3408,-1337.5291407719396,-2495.1032407719395,-1744.9257407719397,
12.333333333333334,12.5,12.416666666666666,-1825.7025000000003,-1104.2454459943665,-2549.4999959943652,-1729.5852459943662,
12.5,12.666666666666666,12.583333333333334,-1198.9766,-853.4807252385363,-2586.4157252385357,-1696.7637252385357,
12.666666666666666,12.833333333333334,12.75,-1038.5893999999998,-605.1002537480063,-2625.7157037480065,-1666.3264537480063,
12.833333333333334,13.0,12.916666666666666,-1174.42,-146.07024756625378,-2454.366147566253,-1425.2396475662536,
13.0,13.166666666666666,13.083333333333334,-828.4533999999994,44.59386027909932,-2179.876423054233,-1188.2049063875666,
13.166666666666666,13.333333333333334,13.25,-541.8022999999995,142.06292340106575,-1998.5817432656004,-1044.3652099322671,
13.333333333333334,13.5,13.416666666666666,-570.7124999999995,166.47827845642132,-1890.3407715435787,-973.5792215435795,
13.5,13.666666666666666,13.583333333333334,-613.1947000000001,231.724955111481,-1741.268478221852,-861.9619115551859,
13.666666666666666,13.833333333333334,13.75,-628.7564000000002,255.09258439518635,-1634.0752322714807,-792.2236489381476,
13.833333333333334,14.0,13.916666666666666,-519.9299999999994,249.02174115844446,-1556.3204588415556,-751.9238588415556,
14.0,14.166666666666666,14.083333333333334,-170.1314000000002,542.1535126005165,-1253.6545373994832,-509.46223739948255,
14.166666666666666,14.333333333333334,14.25,111.32340000000025,923.2389165997965,-863.0349834002036,-179.04698340020514,
14.333333333333334,14.5,14.416666666666666,237.10249999999996,1272.647132023918,-504.0926179760818,119.69108202391817,
14.5,14.666666666666666,14.583333333333334,421.7596999999996,1686.1473786273991,-81.05822137260111,482.52117862740033,
14.666666666666666,14.833333333333334,14.75,758.1511,1984.7188637536965,227.04741375369667,730.422513753696,
14.833333333333334,15.0,14.916666666666666,1083.8650000000007,2240.7399192158823,492.60261921588244,935.7734192158823,
15.0,15.166666666666666,15.083333333333334,1183.9114,2499.023101719721,855.807335053054,1260.9586350530553,
15.166666666666666,15.333333333333334,15.25,1492.8405999999995,2759.592527741215,1221.2982944078822,1588.4300944078814,
15.333333333333334,15.5,15.416666666666666,2040.8550000000005,3042.685094590688,1609.3123945906882,1938.424694590689,
15.5,15.666666666666666,15.583333333333334,2416.6935999999996,3277.778902290739,1949.3277356240715,2240.4205356240727,
15.666666666666666,15.833333333333334,15.75,2714.7147,3527.3093872465784,2303.7797539132453,2556.8530539132444,
15.833333333333334,16.0,15.916666666666666,3043.945,3689.6436377051705,2571.0355377051706,2786.0893377051707,
16.0,16.166666666666668,16.083333333333332,3373.5693,3899.7658746103602,2917.513407943691,3122.45562461036,
16.166666666666668,16.333333333333332,16.25,3594.4033,4119.415536600608,3273.5187032672775,3468.3493366006087,
16.333333333333332,16.5,16.416666666666668,3784.5375000000004,4299.785783848758,3590.244583848758,3774.963633848758,
16.5,16.666666666666668,16.583333333333332,4132.4133,4485.33695980109,3912.1513931344207,4086.7588598010893,
16.666666666666668,16.833333333333332,16.75,4456.3457,4669.767512595213,4232.937579261882,4397.433462595213,
16.833333333333332,17.0,16.916666666666668,4724.477499999999,4848.283374271325,4547.809074271325,4702.193374271325,
17.0,17.166666666666668,17.083333333333332,5059.394700000001,5059.1384154875195,4808.743165487516,4937.396748820851,
17.166666666666668,17.333333333333332,17.25,5243.1311,5264.795907604657,5064.47970760466,5167.402574271325,
17.333333333333332,17.5,17.416666666666668,5428.3425,5452.365442356692,5302.128292356692,5379.320442356692,
17.5,17.666666666666668,17.583333333333332,5838.5445,5800.449025257521,5700.290925257518,5751.752358590853,
17.666666666666668,17.833333333333332,17.75,5238.0191,5359.134621424507,5309.055571424509,5334.786288091174,
17.833333333333332,18.0,17.916666666666668,4094.12,4315.637414551858,4315.637414551858,4315.637414551858,
18.0,18.166666666666668,18.083333333333332,4187.9837,4089.4093968437196,4089.4093968437196,4089.4093968437196,4089.4093968437196
18.166666666666668,18.333333333333332,18.25,4435.8493,4328.014624893453,4328.014624893453,4328.014624893453,4328.014624893453
18.333333333333332,18.5,18.416666666666668,4255.45,4333.586331890797,4333.586331890797,4333.586331890797,4333.586331890797
18.5,18.666666666666668,18.583333333333332,4286.5369,4328.014624893453,4328.014624893453,4328.014624893453,4328.014624893453
18.666666666666668,18.833333333333332,18.75,4469.846,4317.185668862941,4317.185668862941,4317.185668862941,4317.185668862941
18.833333333333332,19.0,18.916666666666668,4579.24,4233.581842715956,4233.581842715956,4233.581842715956,4233.581842715956
19.0,19.166666666666668,19.083333333333332,4480.3082,4318.599896348599,4318.599896348599,4318.599896348599,4318.599896348599
19.166666666666668,19.333333333333332,19.25,4285.533,4314.960206843497,4314.960206843497,4314.960206843497,4314.960206843497
19.333333333333332,19.5,19.416666666666668,4196.78,4314.771219540121,4314.771219540121,4314.771219540121,4314.771219540121
19.5,19.666666666666668,19.583333333333332,4330.8684,4329.468720308607,4329.468720308607,4329.468720308607,4329.468720308607
19.666666666666668,19.833333333333332,19.75,4370.946,4327.755277116583,4327.755277116583,4327.755277116583,4327.755277116583
19.833333333333332,20.0,19.916666666666668,4358.21,4228.655729816008,4228.655729816008,4228.655729816008,4228.655729816008
20.0,20.166666666666668,20.083333333333332,4586.0191,4321.068301757655,4321.068301757655,4321.068301757655,4321.068301757655
20.166666666666668,20.333333333333332,20.25,4523.6629,4336.640061944896,4336.640061944896,4336.640061944896,4336.640061944896
20.333333333333332,20.5,20.416666666666668,4215.37,4321.653626402697,4321.653626402697,4321.653626402697,4321.653626402697
20.5,20.666666666666668,20.583333333333332,4256.2469,4321.653626402697,4321.653626402697,4321.653626402697,4321.653626402697
20.666666666666668,20.833333333333332,20.75,4319.0159,4336.054737299853,4336.054737299853,4336.054737299853,4336.054737299853
20.833333333333332,21.0,20.916666666666668,4257.25,4336.054737299853,4336.054737299853,4336.054737299853,4336.054737299853
21.0,21.166666666666668,21.083333333333332,4290.2681,4336.640061944896,4336.640061944896,4336.640061944896,4336.640061944896
21.166666666666668,21.333333333333332,21.25,4418.7036,4321.653626402697,4321.653626402697,4321.653626402697,4321.653626402697
21.333333333333332,21.5,21.416666666666668,4553.6,4331.068354947553,4331.068354947553,4331.068354947553,4331.068354947553
21.5,21.666666666666668,21.583333333333332,4526.2528,4336.640061944896,4336.640061944896,4336.640061944896,4336.640061944896
21.666666666666668,21.833333333333332,21.75,4001.6252000000004,3811.0576404911462,3811.0576404911462,3811.0576404911462,3811.0576404911462
21.833333333333332,22.0,21.916666666666668,3318.9399999999996,3322.1492505214874,3322.1492505214874,3322.1492505214874,3322.1492505214874
22.0,22.166666666666668,22.083333333333332,3233.4088,3322.1492505214874,3322.1492505214874,3322.1492505214874,3322.1492505214874
22.166666666666668,22.333333333333332,22.25,3319.9709999999995,3352.9178042751914,3352.9178042751914,3352.9178042751914,3352.9178042751914
22.333333333333332,22.5,22.416666666666668,3255.84,3352.9178042751914,3352.9178042751914,3352.9178042751914,3352.9178042751914
22.5,22.666666666666668,22.583333333333332,3144.1326,3383.515800986923,3383.515800986923,3383.515800986923,3383.515800986923
22.666666666666668,22.833333333333332,22.75,3161.8174,3374.96865003375,3374.96865003375,3374.96865003375,3374.96865003375
22.833333333333332,23.0,22.916666666666668,3296.3999999999996,3342.7786113525513,3342.7786113525513,3342.7786113525513,3342.7786113525513
23.0,23.166666666666668,23.083333333333332,3356.4080999999996,3393.031513025368,3393.031513025368,3393.031513025368,3393.031513025368
23.166666666666668,23.333333333333332,23.25,3261.7676,3394.8208679644954,3394.8208679644954,3394.8208679644954,3394.8208679644954
23.333333333333332,23.5,23.416666666666668,3267.73,3360.335438085562,3360.335438085562,3360.335438085562,3360.335438085562
23.5,23.666666666666668,23.583333333333332,3604.076,3400.449146835739,3400.449146835739,3400.449146835739,3400.449146835739
23.666666666666668,23.833333333333332,23.75,3245.8691,2956.835647592007,2956.835647592007,2956.835647592007,2956.835647592007
23.833333333333332,24.0,23.916666666666668,2401.0,2479.318021931927,2479.318021931927,2479.318021931927,2479.318021931927
